{
  "ground_truth_validation": {
    "metrics": {
      "total_tested": 15,
      "top1_accuracy": 0.2,
      "within_1_grid": 0.06666666666666667,
      "within_2_grid": 0.13333333333333333,
      "within_50_pixels": 0.13333333333333333,
      "within_100_pixels": 0.13333333333333333,
      "mean_distance_grid": 10.788992590979067,
      "mean_distance_pixel": 206.65142190411436,
      "median_distance_pixel": 147.6651617681029,
      "rank_distribution": {
        "rank_0": 0.2,
        "rank_1": 0.3333333333333333,
        "rank_2": 0.4666666666666667
      }
    }
  },
  "visual_validation": [
    {
      "crop_file": "drone_realistic_003_128px.jpg",
      "predictions": [
        [
          39,
          31
        ],
        [
          27,
          7
        ],
        [
          29,
          31
        ]
      ],
      "probabilities": [
        0.0008939956314861774,
        0.0008284233626909554,
        0.0008260036120191216
      ],
      "similarities": [
        0.7486275987501361,
        0.5639214120357436,
        0.7590412567467344
      ],
      "reward": 0.10141918483270088
    },
    {
      "crop_file": "drone_realistic_002_128px.jpg",
      "predictions": [
        [
          4,
          18
        ],
        [
          7,
          43
        ],
        [
          48,
          8
        ]
      ],
      "probabilities": [
        0.0007187756709754467,
        0.000703049823641777,
        0.0006943591870367527
      ],
      "similarities": [
        0.6260667358055274,
        0.6790225511674144,
        0.6143048348502227
      ],
      "reward": 0.20108783980941328
    },
    {
      "crop_file": "drone_realistic_023_192px.jpg",
      "predictions": [
        [
          7,
          37
        ],
        [
          19,
          26
        ],
        [
          39,
          31
        ]
      ],
      "probabilities": [
        0.0008658978622406721,
        0.0008484402787871659,
        0.0008372572483494878
      ],
      "similarities": [
        0.6625783297831785,
        0.658756845296102,
        0.6866052427090964
      ],
      "reward": 0.16415398292323186
    }
  ],
  "quantitative_metrics": {
    "mean_top1_similarity": 0.6699050243847736,
    "mean_max_similarity": 0.7003880322114225,
    "mean_reward": 0.1520179658501175,
    "std_reward": 0.04281264180438793,
    "top1_threshold_70": 0.3333333333333333,
    "top3_threshold_70": 0.4,
    "confidence_correlation": 0.04535091207671489
  },
  "human_evaluation": [],
  "synthetic_tests": {
    "identity_mean_distance": 10.145144520361631,
    "identity_success_rate": 0.0,
    "identity_top1_rate": 0.6
  },
  "cross_validation": {},
  "transfer_test": {
    "regions_tested": 5,
    "mean_region_performance": 0.6715985312475796,
    "region_consistency": 0.9749212252700945
  }
}